block_number,token_balance
18544979,3812.8747449684324
18116543,6643.461685340629
